{"vertex":[1,1,-1,1,-1,-1,-1,-1,-1,1,1,-1,-1,-1,-1,-1,1,-1,-1,-1,1,-1,1,1,-1,1,-1,-1,-1,1,-1,1,-1,-1,-1,-1,1,-1,1,0.999999,1,1.000001,-1,-1,1,0.999999,1,1.000001,-1,1,1,-1,-1,1,1,-1,-1,1,1,-1,1,-1,1,1,1,-1,0.999999,1,1.000001,1,-1,1,1,1,-1,-1,1,-1,0.999999,1,1.000001,-1,1,-1,-1,1,1,0.999999,1,1.000001,1,-1,-1,1,-1,1,-1,-1,1,1,-1,-1,-1,-1,1,-1,-1,-1],"uv":[0.748573,0.750412,0.749279,0.501284,0.99911,0.501077,0.748573,0.750412,0.99911,0.501077,0.999455,0.75038,0.250471,0.500702,0.249682,0.749677,0.001085,0.75038,0.250471,0.500702,0.001085,0.75038,0.001517,0.499994,0.499422,0.500239,0.500149,0.750166,0.250471,0.500702,0.500149,0.750166,0.249682,0.749677,0.250471,0.500702,0.749279,0.501284,0.748573,0.750412,0.499422,0.500239,0.748573,0.750412,0.500149,0.750166,0.499422,0.500239,0.748573,0.750412,0.748355,0.99823,0.500149,0.750166,0.748355,0.99823,0.500193,0.998728,0.500149,0.750166,0.749279,0.501284,0.499422,0.500239,0.498993,0.250415,0.749279,0.501284,0.498993,0.250415,0.748953,0.25092],"normal":[0,0,-1,0,0,-1,0,0,-1,0,0,-1,0,0,-1,0,0,-1,-1,0,0,-1,0,0,-1,0,0,-1,0,0,-1,0,0,-1,0,0,0,0,1,0,0,1,0,0,1,-0.000001,0,1,-0.000001,0,1,-0.000001,0,1,1,0,0,1,0,0,1,0,0,1,0,0.000001,1,0,0.000001,1,0,0.000001,0,1,0,0,1,0,0,1,0,0,1,0,0,1,0,0,1,0,0,-1,0,0,-1,0,0,-1,0,0,-1,0,0,-1,0,0,-1,0]}